segment_id,date,from,to,mode,depart_at,arrive_at,duration_minutes,buffer_minutes,planned_cost_cny,source_id,amap_url,baidu_url,status,notes
T01,2026-08-15,东莞,广州白云国际机场T3,预约送机,06:00,07:10,70,15,192,user-can-t3-transfer-20260809,https://uri.amap.com/search?keyword=广州白云国际机场T3航站楼&city=广州,,confirmed,用户确认已预约送机且费用192元；行李直挂和两段登机牌已出，到T3后直接安检登机；T-1按实时导航复核
T02A,2026-08-15,广州白云国际机场,宁波栎社国际机场,飞机MU6949,08:45,10:50,125,120,0,flight-mu6949-0815,,,confirmed,已出票；公开时刻为规划基准；广州柜台确认行李能否直挂大同
T02C,2026-08-15,宁波栎社国际机场,鼓楼站,地铁2号线（往清水浦方向）,11:20,12:05,45,15,20,ningbo-metro-line2-airport,https://uri.amap.com/search?keyword=宁波地铁鼓楼站&city=宁波,,candidate,行李直挂大同且两段登机牌已出；2号线直达不换乘；票价和班次T-1按宁波地铁实时信息确认
T02C1,2026-08-15,鼓楼站,月湖,步行,12:25,13:05,40,10,0,ningbo-citywalk-order,https://uri.amap.com/search?keyword=宁波月湖公园&city=宁波,,candidate,含鼓楼短停和古城步行；只走鼓楼至月湖的顺向线路
T02C2,2026-08-15,月湖,宁波南塘老街A区,步行,13:05,13:25,20,10,0,ningbo-citywalk-order,https://uri.amap.com/search?keyword=宁波南塘老街A区&city=宁波,,candidate,高温下雨或儿童疲倦时短途网约车兜底；午餐严格50分钟止损
T02D,2026-08-15,宁波南塘老街A区,云霞路站,步行,14:15,14:40,25,10,0,ningbo-nantang-nearest-metro,https://uri.amap.com/search?keyword=宁波地铁云霞路站&city=宁波,,candidate,14:40为城市端硬进站时间；强对流或体感不适时直接网约车回机场
T02D1,2026-08-15,云霞路站,宁波栎社国际机场T2航站楼,地铁2号线（往栎社国际机场方向）,14:40,15:40,60,15,20,ningbo-metro-line2-airport,https://uri.amap.com/search?keyword=宁波栎社国际机场T2航站楼&city=宁波,,candidate,含等车出站和步行回航站楼；当日临时停运或等车超预期时留机场或网约车兜底
T02B,2026-08-15,宁波栎社国际机场,大同云冈国际机场,飞机MU6111,19:50,22:15,145,120,0,flight-mu6111-0815,,,confirmed,已出票；15:45返场后办理未完成手续休息晚餐；票面时刻优先
T12,2026-08-15,大同云冈国际机场,万信至格酒店大同百盛明堂公园店,机场取车后自驾,22:15,23:55,100,30,0,rental-shenzhou-datong,https://uri.amap.com/search?keyword=万信至格酒店大同百盛明堂公园店&city=大同,,confirmed,取行李验车后进城；驾驶员困倦则改网约车并次日取车
T14,2026-08-16,万信至格酒店大同百盛明堂公园店,云冈石窟游客中心,租车自驾,10:10,11:05,55,15,0,yungang-summer-hours-20260809,https://uri.amap.com/search?keyword=云冈石窟游客中心&city=大同,,confirmed,用户指定接近午饭时段入园；近期社区线索不能保证低峰，现场队列超20分钟即跳看，午后仍保留休息
T15,2026-08-16,云冈石窟游客中心,凯鸽酒楼操场城店,租车自驾,14:10,15:00,50,15,0,food-datong-kaige,https://uri.amap.com/search?keyword=凯鸽酒楼操场城店&city=大同,,confirmed,停车困难则改酒店生活区用餐
T16,2026-08-16,万信至格酒店大同百盛明堂公园店,华严寺景区入口,网约车,17:30,17:50,20,10,25,datong-city,https://uri.amap.com/search?keyword=华严寺景区入口&city=大同,,confirmed,车辆午餐后停回酒店；华严寺当日最后入场与闭园时间T-1复核
T03,2026-08-17,万信至格酒店大同百盛明堂公园店,恒山游客中心,租车自驾,06:35,08:20,105,20,0,xuankong-selfdrive-parking,https://uri.amap.com/search?keyword=恒山景区游客中心&city=大同,,confirmed,停恒山游客中心后全员换乘官方景交
T04,2026-08-17,恒山游客中心,应县木塔,租车自驾,10:25,11:45,80,20,0,route-north-south,https://uri.amap.com/search?keyword=应县木塔&city=朔州,,confirmed,含景交返回取车和停车缓冲
T05,2026-08-17,应县木塔,雁门关景区北门,租车自驾,13:45,15:15,90,20,0,yanmen-current,https://uri.amap.com/search?keyword=雁门关景区北门&city=忻州,,confirmed,优先北门进入减少连续爬坡；T-1按实时导航和景区管制调整
T21,2026-08-17,雁门关景区北门,开普顿连锁酒店代县精选店,租车自驾,17:25,18:15,50,15,0,route-local-amap,https://uri.amap.com/search?keyword=开普顿连锁酒店代县精选店&city=忻州,,confirmed,住代县县城不住景区；到店后车辆停免费车位
T17,2026-08-18,开普顿连锁酒店代县精选店,五台山游客服务中心,租车自驾,08:00,10:45,165,25,0,wutai-vehicle-20260723,https://uri.amap.com/search?keyword=五台山游客服务中心&city=忻州,,confirmed,有车辆预约则按核验进入；无预约停指定停车场并换免费公交
T18,2026-08-18,五台山游客服务中心,妙隐居民宿,预约车辆自驾或免费公交换乘,10:45,11:45,60,20,0,wutai-vehicle-20260723,https://uri.amap.com/search?keyword=妙隐居民宿五台山&city=忻州,,confirmed,房费仅比南门外高34元；省下当晚和次日上午重复往返
T19,2026-08-19,妙隐居民宿,太原千峰南路山西博物院宜尚PLUS酒店,租车自驾或公交换取车后自驾,11:45,15:30,225,30,0,route-local-amap,https://uri.amap.com/search?keyword=太原千峰南路山西博物院宜尚PLUS酒店&city=太原,,confirmed,核心寺院已于D4顺线完成；每90至120分钟在正规地点短休；无车辆预约时先乘免费公交到停车点取车
T20,2026-08-19,太原宜尚PLUS,林香斋千峰南路店,网约车,18:20,18:35,15,10,25,dp-linxiang-qianfeng-current,https://uri.amap.com/search?keyword=林香斋千峰南路店&city=太原,,candidate,到店晚则改酒店附近清淡餐
T22,2026-08-20,太原宜尚PLUS,山西博物院,租车自驾,08:10,08:40,30,20,0,shanxi-museum,https://uri.amap.com/search?keyword=山西博物院&city=太原,,confirmed,含早高峰停车安检缓冲
T06,2026-08-20,山西博物院,平遥陌上轻奢酒店平遥古城站店,租车自驾,12:30,14:40,130,25,0,route-local-amap,https://uri.amap.com/search?keyword=平遥陌上轻奢酒店平遥古城站店&city=晋中,,confirmed,午餐后直达酒店停车；不绕晋祠
T23,2026-08-20,平遥陌上轻奢酒店平遥古城站店,双林寺,租车自驾,15:05,15:30,25,10,0,pingyao-official,https://uri.amap.com/search?keyword=双林寺&city=晋中,,confirmed,返程将车辆停回酒店
T24,2026-08-20,平遥陌上轻奢酒店平遥古城站店,平遥古城南门,网约车,17:40,17:55,15,10,25,pingyao-south-parking,https://uri.amap.com/search?keyword=平遥古城南门&city=晋中,,confirmed,车辆留酒店免费停车；城门外下客
T25,2026-08-21,平遥陌上轻奢酒店平遥古城站店,平遥古城南门,网约车,07:40,07:55,15,10,25,pingyao-official,https://uri.amap.com/search?keyword=平遥古城南门&city=晋中,,confirmed,只完成城墙与县衙或日升昌之一；10:00前回酒店
T07,2026-08-21,平遥陌上轻奢酒店平遥古城站店,王家大院,租车自驾,10:05,11:25,80,20,0,route-pingyao-hukou,https://uri.amap.com/search?keyword=王家大院&city=晋中,,confirmed,退房装车后直达景区；不折返
T08,2026-08-21,王家大院,汉庭酒店吉县瀑布店,租车自驾,14:15,18:30,255,45,0,route-pingyao-hukou,https://uri.amap.com/search?keyword=汉庭酒店吉县瀑布店&city=临汾,,confirmed,至少一次正规服务区停车休息
T26,2026-08-22,汉庭酒店吉县瀑布店,黄河壶口瀑布山西侧游客中心,租车自驾,07:20,08:20,60,15,0,hukou-official,https://uri.amap.com/search?keyword=黄河壶口瀑布山西侧游客中心&city=临汾,,confirmed,以当日交通管制为准
T27,2026-08-22,黄河壶口瀑布山西侧游客中心,汉庭酒店吉县瀑布店,租车自驾,10:45,11:50,65,20,0,hukou-official,https://uri.amap.com/search?keyword=汉庭酒店吉县瀑布店&city=临汾,,confirmed,含景交排队和取车缓冲
T09,2026-08-22,汉庭酒店吉县瀑布店,微源国际酒店运城盐湖国际机场店,租车自驾,13:20,17:00,220,30,0,route-hukou-ycu,https://uri.amap.com/search?keyword=微源国际酒店运城盐湖国际机场店&city=运城,,confirmed,至少一次正规服务区休息；到机场片区后先按合同加油
T28,2026-08-23,微源国际酒店运城盐湖国际机场店,运城盐湖国际机场,自驾还车后步行或接驳,04:50,05:30,40,20,0,rental-shenzhou-yuncheng,https://uri.amap.com/search?keyword=运城盐湖国际机场&city=运城,,confirmed,D8晚实地确认凌晨入口停车位钥匙交接与订单结束方式
T10,2026-08-23,运城盐湖国际机场,广州白云国际机场,飞机CZ5266,07:20,10:00,160,120,0,flight-cz5266-0823,,,confirmed,已出票；公开时刻为规划基准；票面航站楼和航司通知优先
T11,2026-08-23,广州白云国际机场,东莞,包车/网约车,11:00,13:30,150,30,500,route-local-amap,,,confirmed,含取行李和周日路况缓冲
