source_id,source_type,title,url,published_at,verified_at,expires_at,applies_to,confidence,notes
xhs-datong-wuyue-food-20260721,community,小红书：大同吾悦广场小吃街逛吃攻略,https://www.xiaohongshu.com/explore/6a5ea9b9000000001c0133f9,2026-07-21,2026-08-12,2026-08-24,D2吾悦餐饮,low,账号郭十七；可确认吾悦餐饮活跃但正文没有足够门店菜品文字信息；只作商场餐饮营业线索
dp-datong-wuyue-jiexiaozuo,commercial,大众点评街小坐闽南小排档大同吾悦广场店,https://m.dianping.com/shop/1932270168,,2026-08-12,2026-08-24,D2晚餐,medium,页面约4.0分4000余条并列出黑椒芥兰炒牛肉海蛎煎荔枝肉油淋空心菜等高频推荐；到店复核分店楼层与营业
xhs-daixian-local-food-20260616,community,小红书：代县本地人餐饮与最新评论,https://www.xiaohongshu.com/explore/6a309aba000000001700934b,2026-06-16,2026-08-12,2026-08-24,D3代县晚餐,medium,账号大麟的向往；正文称本地常去且非广告；评论认可三分地与面老大具体菜并反复提醒偏咸；图中部分店名不清不采用
xhs-daixian-sanfendi-20260502,community,小红书：代县三分地粗粮馆实吃,https://www.xiaohongshu.com/explore/69f5aef8000000003701df71,2026-05-02,2026-08-12,2026-08-24,D3代县晚餐,low,账号努力的小毓砸；搜索结果明确点名炒粉托和锅包肉；与本地评论交叉后采用炒粉托并要求少盐
xhs-wutai-xiaobaijia-20260810,community,小红书：五台山吃饭这两个家可以,https://www.xiaohongshu.com/explore/6a78aa45000000003300b397,2026-08-10,2026-08-12,2026-08-24,D4至D5五台山餐饮,medium,账号momo；正文称两家未踩雷并计划再吃；评论明确小白家一碗好面便宜量大味道好且可能人多
xhs-wutai-vegan-dicos-20260501,community,小红书：五台山纯素德克士实吃,https://www.xiaohongshu.com/explore/69f42a69000000001f00162b,2026-05-01,2026-08-12,2026-08-24,D4至D5五台山快餐,low,账号VC维C；与7月同类笔记共同确认纯素门店作为标准化快餐线索；营业T-1核对
hotel-yilan-nearby-food,commercial,携程颐兰酒店晋祠景区古唐路店近期住客评论,https://m.ctrip.com/webapp/hotel/commentlist?id=6662300,,2026-08-12,2026-08-24,D5晚餐D6早餐,medium,真实住客提到酒店隔壁有餐厅且人均不贵；未提供可靠店名故正文标注到店核名
food-jinci-jinweizhai-20260812,commercial,携程晋祠宾馆晋味斋餐厅,https://hk.trip.com/restaurant/china/taiyuan/detail/restaurant-42332613/,,2026-08-12,2026-08-24,D5晚餐D6午餐,medium,游客评价认可环境份量和清淡菜选择；具体营业与等位T-1核对
xhs-hukou-shaanxi-food-20260802,community,小红书：陕西侧壶口瀑布自驾吃住游玩实录,https://www.xiaohongshu.com/explore/6a6b68520000000029031da8,2026-08-02,2026-08-12,2026-08-24,D7陕西壶口晚餐,medium,账号菲列杨；确认游客中心周边用餐线索；跨岸农家鱼府服务不错但鲤鱼肉软刺多鱼汤偏淡；不支持为鱼跨河
hotel-yuncheng-weiyuan-food-20260812,commercial,微源国际酒店餐厅送餐及近期住客反馈,https://www.trip.com/hotels/v2/yuncheng-hotel-detail-114968689/weiyuan-international-hotel/,,2026-08-12,2026-08-24,D8运城机场晚餐,medium,页面确认酒店设餐厅客房送餐与便利店；住客称附近吃饭方便；晚餐营业到店即问
food-yuncheng-airport-cafe-20260812,commercial,携程运城机场茶餐厅,https://gs.ctrip.com/html5/you/foods/fooddetail/397/22855763.html,,2026-08-12,2026-08-24,D8晚餐,medium,用户反馈有米饭面食和小吃且距机场站约167米；仅作酒店餐厅停餐后的步行保底
yuncheng-local-hubu-official-20260812,official,运城市人民政府北相羊肉胡卜介绍,https://www.yuncheng.gov.cn/doc/2020/07/21/70840.shtml,2024-07-15,2026-08-12,2026-08-24,D8运城地方美食,high,官方将北相羊肉胡卜列为有百余年历史的盐湖区代表小吃；用于选菜不用于证明机场片区某门店营业
yuncheng-local-paomo-official-20260812,official,运城市人民政府盐湖区羊肉泡馍介绍,https://www.yuncheng.gov.cn/doc/2020/07/21/70823.shtml,2024-07-15,2026-08-12,2026-08-24,D8运城地方美食,high,官方介绍盐湖区羊肉泡并列出城区代表店；因距离机场还车点较远只作菜品与口碑参考不安排绕行
yuncheng-hubu-review-20260812,commercial,携程张氏北相羊肉胡卜游客评价,https://tw.trip.com/restaurant/china/yuncheng/detail/restaurant-16160217/,,2026-08-12,2026-08-24,D8运城地方美食,medium,游客反馈小店生意较好且小碗适合尝鲜；具体门店不在机场主线故不列为必去
user-hotel-taiyuan-yilan-booked-20260810,user,用户确认颐兰酒店太原晋祠公园向曦门店已订,https://uri.amap.com/search?keyword=颐兰酒店太原晋祠公园向曦门店&city=太原,,2026-08-11,,D5-D6太原住宿,high,用户确认8月19日至20日大床房1晚285元无早餐；不记录订单号或支付凭证；D6以实时导航核对酒店至晋祠入口
user-hotel-pingyao-biechudujia-booked-20260810,user,用户确认平遥在别处度假客栈明清街县衙店已订,https://uri.amap.com/search?keyword=平遥在别处度假客栈明清街县衙店&city=晋中,,2026-08-11,,D6-D7平遥住宿,high,用户确认8月20日至21日大床房1晚242元含早餐；古城内停车及行李进店以客栈当日指引为准；不记录订单号或支付凭证
user-hotel-jixian-zhaoshi-booked-20260810,user,用户确认吉县赵氏私房菜酒店黄河壶口风景区店已订,https://uri.amap.com/search?keyword=吉县赵氏私房菜酒店黄河壶口风景区店&city=临汾,,2026-08-10,,D7-D8壶口住宿,high,用户确认8月21日至22日住1晚160元；D8从景区附近早场出发；不记录订单号、房型或支付凭证
user-rental-ev-booked-20260810,user,用户确认大同取运城还日产N7 58kWh已订,https://uri.amap.com/search?keyword=神州租车大同古城服务点&city=大同,,2026-08-12,,D2-D8电动车租赁,high,用户确认8月16日至22日租赁日产N7 58kWh电动车总价1524元；D2 19:00大同古城取车且D8 19:00运城机场还车；续航和充电权益以订单与提车页为准
user-flight-cz5266-paid-20260810,user,用户确认CZ5266运城至广州3人实付总价,https://flights.ctrip.com/international/Schedule/YCU-CAN.html,,2026-08-10,,D9返程航班费用,high,用户确认CZ5266三人总价1780元；不记录票号、订单号或支付凭证；航班时刻和航站楼仍以票面与航司通知为准
user-hotel-datong-shangkeyou-booked-20260810,user,用户确认尚客优精选山西大同云冈区吾悦广场店已订,https://uri.amap.com/search?keyword=尚客优精选山西大同云冈区吾悦广场店&city=大同,,2026-08-11,,D1-D3大同住宿与接驳,high,用户确认8月15日至17日大床房2晚共630元含早；不记录订单号或支付凭证；精确进出车路线T-1按实时导航复核
user-hotel-daixian-xinwuxin-booked-20260810,user,用户确认代县鑫五鑫精品酒店已订,https://uri.amap.com/search?keyword=代县鑫五鑫精品酒店&city=忻州,,2026-08-10,,D3-D4代县住宿与进山,high,用户确认8月17日至18日住1晚220元；不记录订单号、房型或支付凭证；D4按代县向北门方向进山，T-1按实时导航复核
route-local-amap,commercial,高德地图本地接驳路线规划,https://ditu.amap.com/,,2026-08-01,2026-08-14,T01/T11/T12/T13/T22本地接驳,medium,各段使用高德导航落点；当前时间和费用为规划估值；出发前一天按实时路况刷新
user-can-t3-transfer-20260809,user,用户确认8月15日东莞预约送机至白云机场T3,https://uri.amap.com/search?keyword=广州白云国际机场T3航站楼&city=广州,,2026-08-09,,D1东莞至白云机场T3,high,用户确认06:00出发约07:10到达且送机费用192元；不记录住址或送机订单信息
user-shenzhou-datong-ancientcity-20260809,user,用户确认神州租车大同古城服务点取车,https://uri.amap.com/search?keyword=神州租车大同古城服务点&city=大同,,2026-08-12,,D2大同租车取车,high,用户指定D2古城晚餐后于该服务点19:00取车；不记录租车订单号或取车凭证
rail-presale-current,official,铁路12306当前预售期查询,https://mobile.12306.cn/weixin/wxcore/ysqcx,,2026-08-01,,历史高铁预售比较,high,8月1日页面显示互联网和车站渠道售至8月15日；当前方案已改租车自驾，仅留版本追踪，不作为当前票务事实
flight-szx-dat-0815,commercial,8月1日深圳至大同航班历史快照,https://www.trip.com/flights/showfarefirst?dcity=szx&acity=dat&ddate=2026-08-15&triptype=ow&class=y&quantity=3&childqty=1,,2026-08-01,,D1原主航班历史比较,medium,只用于版本追踪；东海航空10:05至13:20直飞和4人约8160元均不是当前报价
flight-szx-dat-0816,commercial,8月1日深圳至大同晚一天航班历史快照,https://www.trip.com/flights/showfarefirst?dcity=szx&acity=dat&ddate=2026-08-16&triptype=ow&class=y&quantity=3&childqty=1,,2026-08-01,,晚一天出发历史比较,medium,只用于版本追踪；09:50至15:10经停郑州和4人约5110元均不是当前报价
flight-can-dat-0815,commercial,8月2日广州至大同航班历史快照,https://www.trip.com/chinaflights/ShowFareFirst?dcity=can&acity=dat&ddate=2026-08-15&triptype=ow&class=y&quantity=2&childqty=1&curr=CNY,,2026-08-02,,D1主航班历史时刻与预算占位,medium,MU6733广州06:40武汉经停11:55大同及三人3622元来自8月2日；8月5日航班页连接失败，不能作为当前报价，支付页必须重查
flight-szx-tyn-0815,commercial,8月1日深圳至太原航班历史快照,https://www.trip.com/flights/showfarefirst?dcity=szx&acity=tyn&ddate=2026-08-15&triptype=ow&class=y&quantity=3&childqty=1,,2026-08-01,,太原进历史比较,medium,只用于版本追踪；11:50至14:55和4人约5240元均不是当前报价
flight-ycu-szx-0823,commercial,8月1日运城至深圳航班历史快照,https://www.trip.com/flights/showfarefirst?dcity=ycu&acity=szx&ddate=2026-08-23&triptype=ow&class=y&quantity=3&childqty=1,,2026-08-01,,D9主航班历史时刻与预算占位,medium,12:10至14:55直飞和旧金额均不是当前报价；用户支付前必须重新查询
flight-ycu-szx-0822,commercial,8月1日提前返程航班历史快照,https://www.trip.com/flights/showfarefirst?dcity=ycu&acity=szx&ddate=2026-08-22&triptype=ow&class=y&quantity=3&childqty=1,,2026-08-01,,提前返程历史比较,medium,只用于版本追踪；旧时刻和金额均不是当前报价
yungang-2026,official,云冈石窟景区预约周期延长至15日,https://www.dt.gov.cn/dtszf/bmdt/202604/87ae16347ecf462488743c37ee9c06f0.shtml,2026-04-19,2026-07-31,2026-08-15,云冈预约,high,60岁以上政策性免票人群同样需要实名预约
xuankong-ticket,official,悬空寺景区登临票预约规则,https://www.byhs.net.cn/culture_detial/204.html,2026-03-15,2026-07-31,2026-08-16,悬空寺登临,high,自2026年4月1日起每日登临票2475张；线上1200张线下1275张；每天07:20至21:00可订7日内；70岁以上或身体不宜登高者不建议登临
shanxi-museum,official,山西博物院首页及参观预约说明,https://shanximuseum.com.cn/sx/index/index.html,,2026-07-31,2026-08-14,山西博物院预约,high,提前3日实名预约；每个预约单最多3人；周一通常闭馆
pingyao-official,commercial,平遥古城景区官网,https://pingyao888.cn/,,2026-08-13,2026-08-23,平遥古城与双林寺,medium,8月13日复核官网仍可访问但结构化开放时刻不可稳定读取；D7按现场检票时间执行，正式入园前再看公告和票页
xhs-yingxian-current-20260812,community,小红书：8月12日应县木塔实游与北部山路天气,https://www.xiaohongshu.com/explore/6a7c4615000000002403e2e8,2026-08-12,2026-08-13,2026-08-24,D3应县木塔与D4北部山路,medium,账号lqq1204；全文及公开评论显示西停车场当次顺畅、木塔仅首层开放且拍照位略排队；五台山至应县方向雨雾山路约17度且弯道多，仅用于停车衣着和雨雾驾驶提示
hukou-official,official,山西黄河壶口瀑布旅游区开放信息,https://en.hukouwaterfall.com/column/85/,,2026-07-31,2026-08-20,壶口瀑布,medium,4月至10月为旺季；开放范围受水情和安全管理影响
datong-city,official,大同古城与云冈暑期文旅信息,https://www.dt.gov.cn/dt12345/rxdt1/202605/b1c6865c8c614f9e9b182e37c07242ee.shtml,2026-05-08,2026-07-31,2026-08-14,大同古城活动,medium,用于古城慢游背景；具体寺庙开放时间另行复核
jin-temple,official,晋祠博物馆官方网站,https://www.jinci.com/,,2026-07-31,2026-08-14,晋祠,medium,路线确认后复核暑期开放时间门票和优待政策
wang-courtyard,commercial,王家大院2026门票信息汇总,https://jz.bendibao.com/tour/jingdianbao/,,2026-07-31,2026-08-14,王家大院,medium,仅作路线评审；预订级定稿需替换为景区官方来源
route-north-south,commercial,山西北中南成熟路线参考,https://daoyou.wutaishanlvyou.com/1780204605125151.html,,2026-07-31,2026-08-14,D3北向南自驾串联,medium,用于验证悬空寺应县木塔太原的常见串联逻辑；具体道路和车程需出发前用实时导航复核
route-pingyao-hukou,commercial,平遥王家大院壶口成熟路线参考,https://www.uhutrip.com/showtccg.asp?ID=1383,,2026-07-31,2026-08-14,D7南向转场,medium,用于验证平遥经王家大院至壶口的常见串联逻辑
route-hukou-ycu,commercial,壶口至运城约200公里车程参考,https://www.0755cts.com/expired/domestic/xian/0131595R018.html,,2026-07-31,2026-08-20,D8壶口直达运城,medium,旅行社线路记录运城至吉县约200公里约3.5小时；本计划从壶口游客中心直达并额外计入景交离场和服务区午餐，按5小时安排；T-1以实时导航复核
yingxian-ctrip,commercial,应县木塔开放与参观信息,https://you.ctrip.com/sight/yingcounty3006/74400.html,,2026-07-31,2026-08-16,应县木塔,medium,页面显示暑期08:00至18:00且17:45停止入园；目前只开放一层参观并不允许登塔；下单前以景区公告为准
jinci-hours-2026,commercial,晋祠博物馆2026年旺季开放时间公告转载,https://cj.sina.com.cn/articles/view/5812119316/15a6de71402001eu2a?froms=ggmp,2026-03-31,2026-07-31,2026-08-17,晋祠开放时间,medium,转载信息称4月1日起08:30至17:30开放且17:00停止入馆；出发前用晋祠官网再次复核
hotel-datong-youqing,commercial,8月1日大同宥庆酒店历史快照,https://hotels.ctrip.com/hotels/134295018.html,,2026-08-01,,大同住宿历史比较,medium,原2间房价格只用于版本追踪；当前为1间房口径且不使用旧价
hotel-datong-gaodu,commercial,高渡精品酒店大同古城华严寺店,https://hotels.ctrip.com/hotels/65049760.html,,2026-07-31,,大同住宿历史备选,medium,历史住宿比较；古城位置方便且评价量较多，部分近期评价提到隔音一般；不作为当前房价或库存依据
hotel-taiyuan-wyndham,commercial,8月1日太原温德姆历史快照,https://hotels.ctrip.com/hotels/117311500.html,,2026-08-01,,太原住宿历史比较,medium,原2间房价格只用于版本追踪；当前不使用旧价
hotel-pingyao-wenhua,commercial,8月1日又见平遥又见文华历史快照,https://hotels.ctrip.com/hotels/8869409.html,,2026-08-01,,平遥住宿历史比较,medium,原2间房价格只用于版本追踪；当前不使用旧价
hotel-pingyao-xing,commercial,平遥行会馆古城南门店,https://hotels.ctrip.com/hotels/744459.html,,2026-07-31,,平遥住宿历史备选,medium,历史住宿比较；古院落氛围及接送评价较好，老宅房型可能存在气味和卫浴差异；不作为当前房价或库存依据
hotel-jixian-jizhou,commercial,8月1日吉县吉州宾馆历史库存检查,https://hotels.ctrip.com/hotels/480783.html,,2026-08-01,,吉县住宿历史比较,medium,原2间房查询未显示库存；当前不作为住宿主选，餐厅营业另须T-1确认
hotel-jixian-hanting,commercial,汉庭酒店吉县瀑布店,https://hotels.ctrip.com/hotels/83968561.html,,2026-08-02,2026-08-20,吉县1间家庭房,medium,近期携程住客记录豪华家庭房为两室两卫且一家三口入住宽裕；页面显示停车方便；指定日期家庭房库存价格和退改须结算页确认
hotel-datong-wanxin,commercial,万信至格酒店大同百盛明堂公园店,https://hotels.ctrip.com/hotels/128739610.html,,2026-08-02,2026-08-14,大同1间家庭房,medium,8月2日公开页显示家庭房亲子特色和免费私人停车；住客记录隔开式亲子房带1.5米帐篷床；指定日期库存价格须结算页确认
hotel-taiyuan-echarm-plus,commercial,太原千峰南路山西博物院宜尚PLUS酒店,https://hotels.ctrip.com/hotels/132007384.html,,2026-08-02,2026-08-14,太原1间大床房,medium,8月2日公开页在1间2成人1儿童条件下显示儿童免费入住和免费私人停车；未确认独立家庭房与指定日期大床房3人入住资格
hotel-pingyao-moshang,commercial,平遥陌上轻奢酒店平遥古城站店,https://hotels.ctrip.com/hotels/118997771.html,,2026-08-02,2026-08-18,平遥1间亲子房,medium,近期携程住客记录亲子房空间大且有儿童帐篷；页面说明15岁及以下儿童使用现有床铺免费并显示停车方便；指定日期库存价格须结算页确认
hotel-taiyuan-kaman-family,commercial,卡曼·观博设计师酒店,https://hotels.ctrip.com/hotels/128126988.html,,2026-08-02,2026-08-14,太原亲子房备选,medium,携程公开页可见亲子房标签且位置靠近山西博物院片区；指定日期1间2成人1儿童的库存价格床型停车和退改须结算页确认
hotel-pingyao-xinhui,commercial,8月1日平遥新会馆历史快照,https://hotels.ctrip.com/hotels/39282342.html,,2026-08-01,,平遥住宿历史比较,medium,原2间房价格只用于版本追踪；当前不使用旧价
social-xuankong-queue,community,悬空寺登临票游客问答与排队经验,https://you.ctrip.com/asks/3026/16392630.html,2026-06-02,2026-08-11,2026-08-16,悬空寺现场策略,low,8月11日复核可读5条回答：线上预约仍被多名游客认为紧张，另有游客建议7:20蹲票、无票才早到现场；个体经验仅用于维持“不为全家凌晨排现场票”的取舍，票务规则仍以官方为准
social-xuankong-visitor,community,恒山与悬空寺联游近期游客评价,https://you.ctrip.com/sight/hunyuan3026/15960.html,,2026-08-11,2026-08-16,悬空寺现场策略,low,8月11日复核页面可见2026年7月25日游客记录：未抢到登临票后4时起床、7:30排到票；支持悬空寺登临不作为硬任务，官方限量与开放规则另行复核
social-pingyao-cart,community,平遥古城游客评价与步行提示,https://you.ctrip.com/sight/pingyaocounty365/16561.html,,2026-08-11,2026-08-20,平遥步行与交通,low,8月11日复核页面仍可见游客提示：古城青石板路狭窄曲折，电瓶车在小巷穿梭较快；保留靠边步行、行李由客栈指引转运的规则，不把个体评论当管理规定
social-hukou-summer,community,壶口瀑布近期游客评价与暑期体验,https://you.ctrip.com/sight/jicounty3038/11393.html,,2026-08-11,2026-08-21,壶口暑期现场,low,8月11日复核页面可见2026年8月3日及7月多条游客评价：夏季日晒强，应防晒补水；不再把未复核的游客中心餐饮或龙洞施工说法纳入安排，开放仍以官方当天公告为准
hukou-summer-flood-2026,official,新华社：黄河壶口瀑布迎来夏汛,https://www.xinhuanet.com/politics/20260710/4f5725301c02413ca95e05b47d6430ed/c.html,2026-07-10,2026-08-01,2026-08-20,壶口水情与开放状态,high,报道时流量超过每秒1800立方米且景区正常接待游客；不代表8月22日必然开放
shanxi-flood-risk-2026,official,山西进入七下八上防汛关键期地质灾害风险提示,https://www.dt.gov.cn/dtszf/sxyw/202607/560c54242b234119ad855f8c490221d8.shtml,2026-07-21,2026-08-01,2026-08-20,山西汛期道路与地质灾害风险,high,官方提示强降雨和地质灾害风险上升；壶口及平遥至吉县路段保留T-3与T-1动态复核
fx-usd-cny-planning,official,人民币折算依据：中国银行外汇牌价,https://www.boc.cn/sourcedb/whpj/,2026-07-28,2026-08-01,,外币票价统一折算,high,最近可核验的中行折算价为100美元约679.28元人民币；项目为便于比较统一取每1美元约6.80元人民币并四舍五入到十元
food-datong-list,commercial,Trip.com大同餐厅榜单2026年7月,https://www.trip.com/restaurant/datong-275/3/,,2026-08-01,2026-08-14,大同餐厅营业线索,medium,榜单显示凯鸽操场城店和紫泥369南环店等仍在营业；营业时间和等位在T-1电话或地图复核
food-datong-longjuxiang,commercial,龙聚祥烧麦馆大同鼓楼店,https://www.trip.com/restaurant/china/datong/detail/city-33617894/,,2026-08-01,2026-08-14,D1晚餐,medium,用于餐厅位置和代表烧麦线索；具体营业时间与不辣要求当天确认
food-datong-fenglinge-current-20260812,commercial,携程凤临阁大同古城门店近期页面,https://gs.ctrip.com/html5/you/foods/Datong275/8639.html,,2026-08-12,2026-08-24,D2古城晚餐,medium,页面标注山西菜且距鼓楼约469米并集中推荐三鲜百花烧麦；游客认可烧麦黄米糕环境与服务但热门时可能排队；仅在30分钟内可出齐时使用
food-datong-kaige,commercial,凯鸽酒楼大同操场城店,https://my.trip.com/restaurant/china/datong/detail/kaige-restaurant-10562353/,,2026-08-01,2026-08-14,D2午餐,medium,页面显示操场城西街22号和17:00至21:30晚市；午市与订座需T-1复核
food-yingxian-xiaoxifu,commercial,应县小媳妇凉粉应元街店,https://gs.ctrip.com/html5/you/foods/fooddetail/3006/8971.html,,2026-08-01,2026-08-16,D3午餐,medium,塔前街近木塔入口；页面显示09:00营业和人均约12元；凉粉辣椒蒜泥分开
food-taiyuan-qingheyuan,commercial,Trip.com清和元旧商户聚合页,https://www.trip.com/restaurant/china/taiyuan/detail/restaurant-61277153/,,2026-08-02,2026-08-14,历史记录不执行,low,旧页面把千峰南路81号标为清和元；与当前大众点评并州饭店信息冲突；已由dp-bingzhou-qianfeng-current替代并要求T-1电话确认
food-taiyuan-linxiangzhai,commercial,林香斋千峰南路店,https://tw.trip.com/restaurant/china/taiyuan/detail/lin-xaing-zhai-restaurant-57339787/,,2026-08-01,2026-08-14,D3晚餐与D4午餐备选,medium,千峰南路111号；页面显示11:00营业并有无障碍空间和儿童餐椅；菜品可要求不辣
food-taiyuan-shanxipai,commercial,高德地图山西派千峰南路店,https://map.gaode.com/place/B0IDOAU50P,,2026-08-01,2026-08-14,D4午餐,medium,位于千峰南路与旧晋祠路交叉口东北角；地图近期仍列为中餐厅；营业时间和订座T-1复核
food-taiyuan-binhewei,commercial,滨河味道南内环店,https://tw.trip.com/restaurant/china/taiyuan/detail/ping-river-taste-11607109,,2026-08-01,2026-08-14,D4晚餐,medium,南内环街97号；页面显示11:00营业；近期页面评价量较多且有儿童餐椅
food-pingyao-hongwuji,commercial,洪武记饭店平遥古城南大街店,https://tw.trip.com/restaurant/china/pingyao-county/detail/hong-wu-ji-hotel-78637371/,,2026-08-01,2026-08-14,D6午餐,medium,南大街84号；页面显示10:30营业并有儿童餐椅和无障碍空间；有游客记录可做不辣版本
food-pingyao-tianyuankui,commercial,天元奎餐厅平遥古城南街店,https://jp.trip.com/restaurant/china/pingyao-county/detail/tianyuankui-10562392/,,2026-08-01,2026-08-14,D5晚餐,medium,南街73号；用于地址和代表平遥牛肉线索；营业时间T-1复核
food-pingyao-list,commercial,Trip.com平遥餐厅榜单2026年7月,https://www.trip.com/restaurant/Pingyao-365/,,2026-08-01,2026-08-14,平遥餐厅备选,medium,榜单显示人在北方菜馆和胡记碗秃等近期仍有营业信息；当天以地图和电话为准
food-wangjia-list,commercial,Trip.com灵石餐厅榜单2026年,https://www.trip.com/restaurant/lingshi-3011/,,2026-08-01,2026-08-14,D7王家大院午餐,medium,榜单包含王家味道王家大院店和崇宁堡温泉酒店餐厅；选王家味道以减少转场
food-jixian-jizhou,commercial,吉州宾馆及二楼餐厅近期住客线索,https://hotels.ctrip.com/hotels/480783.html,,2026-08-01,2026-08-20,吉县县城用餐,low,住客评价提到二楼餐厅和早餐；并非餐厅正式营业公告；T-1由汉庭前台或电话确认是否接待非住客
attraction-datong-ancient,official,大同古城历史与棋盘式格局,https://www.dt.gov.cn/english/placestovisit/202501/7016d8d1ad904f0bbca71a7d6ec9a01c.shtml,2026-03-25,2026-08-01,,大同古城与鼓楼背景,high,大同市政府介绍明洪武五年在历代旧城基础上增筑以及棋盘式街道格局
attraction-yungang-unesco,official,UNESCO云冈石窟世界遗产说明,https://whc.unesco.org/en/list/1039/,,2026-08-01,,云冈石窟背景,high,252个洞窟和约51000尊造像；代表公元5至6世纪中国佛教石窟艺术
attraction-datong-huayan,official,大同市政府华严寺介绍,https://www.dt.gov.cn/english/placestovisit/202501/ed041cbc2944459891140a2e12429c7d.shtml,2025-01-01,2026-08-01,,华严寺背景,high,用于大雄宝殿、薄伽教藏殿和辽代彩塑背景
attraction-datong-shanhua,official,平城区政府善化寺介绍,https://www.pingcheng.gov.cn/pcqrmzfz/sqglcyjj/202009/914428d5ff3544d5b089166caa96ffd7.shtml,2020-09-01,2026-08-01,,善化寺背景,high,天王殿山门三圣殿大雄宝殿普贤阁为辽金建筑遗存
attraction-xuankong-background,official,人民日报海外版悬空寺建筑介绍,https://paper.people.com.cn/rmrbhwb/page/2013-12/17/08/hwblytdc17c.pdf,2013-12-17,2026-08-01,,悬空寺背景,high,介绍传统创建年代与依崖架构的建筑特征；现存构件经历后世维修
attraction-yingxian-background,official,中国数字科技馆应县木塔科普,https://www.cdstm.cn/museum/zphc/hxzg2017x/art/2017/art_47e4f5a92fd24944b0757e46969df732.html,2017-01-01,2026-08-01,,应县木塔背景,high,建于1056年；八角形外观五层夹四层暗层；通高67.31米
attraction-jinci-background,official,晋祠古建筑与三绝三宝介绍,https://scjg.hebei.gov.cn/info/111090,,2026-08-01,,晋祠背景,medium,用于圣母殿鱼沼飞梁难老泉与古树亮点；开放规则仍以晋祠官网为准
attraction-pingyao-unesco,official,UNESCO平遥古城世界遗产说明,https://whc.unesco.org/en/list/812/,,2026-08-01,,平遥古城与双林寺背景,high,遗产由古城及双林寺镇国寺组成；保存14至20世纪汉族城市特征
attraction-pingyao-sites,official,平遥古城景点与日升昌文庙介绍,https://www.eco.gov.cn/news_info/40332.html,,2026-08-01,,平遥城墙县衙日升昌文庙城隍庙背景,medium,补充古城内代表性衙署票号和礼制建筑背景；开放点仍以景区当日公告为准
attraction-wang-cctv,official,央视王家大院高家崖红门堡介绍,https://www.cctv.com/geography/special/C15699/20060516/102177.shtml,2006-05-16,2026-08-01,,王家大院背景,high,开放区域以高家崖红门堡和宗祠为核心；重点观察院落等级秩序与三雕
attraction-hukou-geology,official,国家林草局壶口瀑布地貌介绍,https://www.forestry.gov.cn/c/www/dfdt/557042.jhtml,,2026-08-01,,壶口瀑布背景,high,黄河河面由数百米收束至约50米后跌入石槽形成壶口景观
shuanglin-repair-official,official,平遥双林寺千佛殿壁画彩塑保护修缮工程结果公告,https://www.ccgp.gov.cn/cggg/dfgg/zbgg/202602/t20260210_26168070.htm,2026-02-10,2026-08-01,2026-08-14,D5双林寺修缮,high,中国政府采购网确认保护修缮项目及24个月工期；具体参观范围继续以寺院现场公告为准
shuanglin-repair-news,official,光明网：平遥双林寺与镇国寺启动文物保护修缮,https://culture.gmw.cn/2026-07/13/content_38881834.htm?source=msn,2026-07-13,2026-08-01,2026-08-14,D5双林寺开放范围,high,报道双林寺千佛殿自7月12日起分段半封闭施工至2028年8月31日且其他殿宇正常开放
xhs-yungang-route-20260714,community,小红书：云冈石窟高效游览路线与暑期人流,https://www.xiaohongshu.com/explore/6a561e4900000000070222f8,2026-07-14,2026-08-01,2026-08-14,D2云冈顺序,medium,账号竹子不卷了；2026年7月9日实到；用于核心窟先后与早场人流经验；开放状态仍查官方
xhs-datong-family-20260715,community,小红书：2026暑假亲子游大同篇,https://www.xiaohongshu.com/explore/6a575e%3610000000011010770,2026-07-15,2026-08-01,2026-08-14,D2至D3亲子人流,medium,账号yoyo；亲子实录显示云冈下午外部不排队但窟内拥挤；悬空寺排队细节不替代官方规则
xhs-xuankong-afternoon-20260724,community,小红书：悬空寺下午场登临排队实录,https://www.xiaohongshu.com/explore/6a62e335000000001d0225c9,2026-07-24,2026-08-01,2026-08-14,D3悬空寺止损,medium,账号哇哈哈哈呀哇哈哈哈；用于说明现场补票与登临排队耗时；具体票额只采用官方公告
xhs-yingxian-xuankong-20260724,community,小红书：悬空寺与应县木塔暑期实录,https://www.xiaohongshu.com/explore/6a636feb000000001c00f22d,2026-07-24,2026-08-01,2026-08-14,D3景交与木塔时长,medium,账号骑驴转山跑；实录提醒悬空寺不坐景交需暴晒步行且木塔以首层和外观为主
xhs-elder-kids-20260729,community,小红书：一位老人两名儿童山西六天实录,https://www.xiaohongshu.com/explore/6a695db3000000001101ec77,2026-07-29,2026-08-01,2026-08-14,D4家庭体力,medium,账号玥宁知福；用于博物院重点展和晋祠接驳的家庭体验；非官方讲解评价仅作个体经验
xhs-jinci-route-20260726,community,小红书：晋祠半日少走路路线,https://www.xiaohongshu.com/explore/6a65cf06000000000401e0be,2026-07-26,2026-08-01,2026-08-14,D4晋祠顺序,low,账号dengdeng小花园；只采用先核心区和景区餐饮有限的经验；商业讲解与票价信息未采用
xhs-shuanglin-repair-20260714,community,小红书：双林寺镇国寺部分关闭现场核验,https://www.xiaohongshu.com/explore/6a4f15a60000000017029fb9,2026-07-14,2026-08-01,2026-08-14,D5双林寺修缮,medium,账号蠹鱼访古；近期现场与电话线索由光明网和政府采购公告复核后采用
xhs-pingyao-negative-20260717,community,小红书：平遥古城负面体验与揽客提醒,https://www.xiaohongshu.com/explore/6a5a0f2e000000000503a7b1,2026-07-17,2026-08-01,2026-08-14,D5至D6消费避坑,medium,账号空白；个体实录涉及电瓶车导游和拓印加项；用于先问总价与拒绝揽客
xhs-pingyao-pitfall-20260617,community,小红书：平遥低价引流与推销避坑,https://www.xiaohongshu.com/explore/6a2d59290000000016026c3e,2026-06-17,2026-08-01,2026-08-14,D5至D6消费避坑,medium,账号Flora；用于体验和纪念品先确认总价包含项；不据此否定古城文化价值
xhs-wangjia-negative-20260721,community,小红书：王家大院反向评价,https://www.xiaohongshu.com/explore/6a5f27830000000001000d5b,2026-07-21,2026-08-01,2026-08-14,D7预期管理,low,账号木樨碎金时；主观看法仅用于避免把民居宣传等同皇家宫殿并限制游览时长
xhs-hukou-summer-20260727,community,小红书：壶口瀑布七八月注意事项,https://www.xiaohongshu.com/explore/6a67108b0000000001003ba4,2026-07-27,2026-08-01,2026-08-20,D8汛期预期,medium,账号芬米拉；用于高水期山西侧视角和龙洞动态提醒；不采用其跨省侧选择建议
xhs-hukou-trip-20260731,community,小红书：2026年7月31日山西游壶口实录,https://www.xiaohongshu.com/explore/6a6c85bb00000000220113ee,2026-07-31,2026-08-01,2026-08-20,D8观感分歧,low,账号大蓝鲸书包房JVIP；负面观感属于个人体验；仅用于降低宣传图预期
xhs-datong-food-20260723,community,小红书：大同四天亲子餐厅实吃,https://www.xiaohongshu.com/explore/6a61dbea000000000f03f852,2026-07-23,2026-08-01,2026-08-14,D1至D2餐厅止损,medium,账号Yolanda且来自广东并带两名儿童；用于龙聚祥取号份量与凯鸽不久候的经验
xhs-tianyuan-20260724,community,小红书：平遥天元奎实吃记录,https://www.xiaohongshu.com/explore/6a6326e90000000011006bbd,2026-07-24,2026-08-01,2026-08-14,D5点菜,medium,账号ruuuui.；用于软烂牛肉和汤更适合老人儿童以及栲栳栳可能偏韧的点菜参考
dp-kaige-current,commercial,大众点评凯鸽酒楼操场城店公开商户页,https://m.dianping.com/shop/2785105?msource=applemaps,,2026-08-02,2026-08-14,D2凯鸽操场城店,medium,已更正为计划分店；页面显示4.8分和人均约63元及515个菜品推荐聚合；近期营业时间有调整提示需T-1确认
dp-longjuxiang-current,commercial,大众点评龙聚祥烧麦馆鼓楼店公开商户页,https://m.dianping.com/shop/69409268?msource=applemaps,,2026-08-02,2026-08-14,D1龙聚祥鼓楼店,medium,已更正为计划分店；页面显示4.7分和人均约64元及13万以上互动信号；营业和等位仍需T-1复核
dp-pingyao-food-20250502,community,大众点评：五一平遥饮食体验,https://m.dianping.com/discovery/2161109069,2025-05-02,2026-08-01,2026-08-14,D5至D6菜品线索,low,账号霸道总裁裴大宝；超过90天仅作同季菜品和份量参考；不用于推荐具体商户
food-datong-aggregate-20260802,commercial,Trip.com大同餐厅榜2026,https://www.trip.com/restaurant/datong-275.html/,,2026-08-02,2026-08-14,D1至D3用餐备选,medium,聚合孙记包子东方削面凤临阁龙聚祥紫泥369凯鸽等评分与评价量；分店营业T-1复核
food-datong-fumiandao,community,福面道面食刀削面早点公开点评,https://maps.apple.com/place?auid=1118651093819567&lsp=57879,,2026-08-02,2026-08-14,D1至D3早餐午餐,low,公开用户评价提到居民区本地客传统现削面与稠粥；样本少仅作生活区备选
food-datong-longjuxiang-mingtang,commercial,龙聚祥烧麦馆明堂公园店,https://gs.ctrip.com/html5/you/foods/fooddetail/275/21449892.html,,2026-08-02,2026-08-14,D1至D2生活区用餐,medium,近期索引显示明堂公园分店与游客菜品反馈；晚到可能售罄；当天营业和等位T-1复核
food-taiyuan-hotel-breakfast,commercial,宜尚PLUS太原千峰南路店住客早餐评价,https://m.ctrip.com/html5/hotel/hoteldetail/132007384.html,,2026-08-02,2026-08-14,D4至D5早餐,medium,页面聚合4.8分813条且早餐很棒约190条；早餐价格以下单页为准
food-taiyuan-aggregate-20260802,commercial,Trip.com太原餐厅榜2026,https://tw.trip.com/restaurant/taiyuan-167/restaurant-e1/,,2026-08-02,2026-08-14,D3至D5用餐备选,medium,聚合清和元林香斋滨河味道等评分与评价量；具体分店和营业T-1复核
food-pingyao-hotel-breakfast,commercial,平遥陌上轻奢酒店餐厅与早餐评价,https://m.ctrip.com/html5/hotel/hoteldetail/118997771.html,,2026-08-02,2026-08-14,D5至D7早餐午餐,medium,页面聚合4.9分1648条且早餐很棒约136条；午餐单点信息不足到店先问当日菜单
food-pingyao-dongji-20260429,community,董记炒碗托裕成源店2026游客评价,https://qa.trip.com/restaurant/china/pingyao-county/detail/restaurant-108229/,2026-04-29,2026-08-02,2026-08-14,D5至D7平遥用餐,medium,聚合5分24条且2026年4月游客认可桃花面炒碗托环境和性价比；口味偏浓需辣汁分开
food-yingxian-aggregate-20260802,commercial,Trip.com应县餐厅榜2026,https://hk.trip.com/restaurant/ying-county-3006/,,2026-08-02,2026-08-16,D3应县午餐,medium,聚合赵二女凉粉德克士小媳妇凉粉等评分评价量和营业线索；现场优先有座与卫生
food-wangjia-detail,commercial,王家味道王家大院店,https://au.trip.com/restaurant/china/lingshi/detail/restaurant-127646451/,,2026-08-02,2026-08-20,D7王家大院午餐,low,聚合评分样本仅1条；只因景区旁和09:00营业线索列为省转场主选
food-jixian-aggregate-20260802,commercial,Trip.com吉县餐厅榜2026年7月,https://www.trip.com/restaurant/ji-county-3038/,,2026-08-02,2026-08-20,D7至D9吉县用餐,medium,聚合吉州土菜馆阿利番茄面田园农家菜等评分评价量；县城餐饮证据仍低于大城市
dp-linxiang-qianfeng-current,commercial,大众点评林香斋千峰旗舰店商户页,https://www.dianping.com/shop/HabNJlVFKUoeMt8X,,2026-08-02,2026-08-14,D3晚餐与D4午餐备选,medium,千峰南路111号；4.8分10531条评价人均87元；11:00至14:30和18:00至22:00；过油肉与糖醋丸子推荐较集中
dp-bingzhou-qianfeng-current,commercial,大众点评并州饭店千峰南路店商户页,https://www.dianping.com/shop/l6BUVkurkJSL8RVv,,2026-08-02,2026-08-14,D4早餐与D5备选,medium,当前千峰南路81号对应并州饭店而非原计划清和元；4.2分659条评价人均44元；06:30开始早餐；平台状态提示不确定需T-1电话确认
dp-shanxipai-qianfeng-current,commercial,大众点评山西派千峰路店商户页,https://www.dianping.com/shop/G4hEzofBogLaYrrr,,2026-08-02,2026-08-14,D4午餐,medium,千峰路81号；4.0分4205条评价人均53元；10:30至14:30和17:30至22:30；部分栲栳栳口味偏辣需分开
dp-binhewei-current,commercial,大众点评滨河味道南内环店商户页,https://www.dianping.com/shop/l5b6mhbnEzS5uqFc,,2026-08-02,2026-08-14,D4晚餐,medium,南内环街97号；4.8分5906条评价人均104元；主营晋菜并非粤菜；推荐信号集中在糖醋丸子和豆腐等
dp-tianyuan-current,commercial,大众点评天元奎餐厅平遥古城南街店商户页,https://www.dianping.com/shop/G1dxZxXH69oETiwS,,2026-08-02,2026-08-14,D5晚餐,medium,南街73号；4.6分66210条评价人均68元；10:00至23:00且有儿童椅；高热推荐菜仍需用近期实吃笔记校正
dp-hongwuji-current,commercial,大众点评洪武记饭店平遥古城南大街店商户页,https://www.dianping.com/shop/H6EWfzv2VRCI7Y5e,,2026-08-02,2026-08-14,D6午餐,medium,南大街84号；4.5分54348条评价人均63元；10:30至23:00且有儿童椅；老陈醋焖牛肉推荐最集中
dp-dongji-current,commercial,大众点评董记炒碗托裕成源店商户页,https://www.dianping.com/shop/l2FnjeTFWdjJjO9R,,2026-08-02,2026-08-14,D5至D6平遥小吃,medium,衙门街41号；4.0分9689条评价人均27元；08:00至22:30；不适配D6原定07:40前早餐时间
dp-wangjia-current,commercial,大众点评王家味道王家大院店商户页,https://www.dianping.com/shop/77467946,,2026-08-02,2026-08-20,D7午餐,medium,景区管理处停车场东侧；4.0分12071条评价人均51元；09:00至21:30；王家豆腐和软黄米饭推荐较集中
xhs-linxiang-negative-20260219,community,小红书：林香斋宴席套餐负面实吃,https://www.xiaohongshu.com/explore/699705950000000016009956,2026-02-19,2026-08-02,2026-08-14,D3林香斋点菜避坑,low,账号莫拉奇婷；分店未完全确认且更像宴席套餐；只采用不点固定套餐和未确认规格整鱼的提醒；不外推千峰旗舰店整体质量
xhs-qingheyuan-negative-20260712,community,小红书：清和元头脑负面体验,https://www.xiaohongshu.com/explore/6a5377b9000000000f029be1,2026-07-12,2026-08-02,2026-08-14,D4太原早餐口味,medium,账号Ahead；认为头脑油脂感和黄酒味明显；用于提醒不饮酒或怕油腻者不要整碗点
xhs-qingheyuan-positive-20260326,community,小红书：清和元头脑正面体验,https://www.xiaohongshu.com/explore/69bb87ea0000000023017544,2026-03-26,2026-08-02,2026-08-14,D4太原早餐口味,medium,账号cristal；认可头脑中羊肉莲藕山药和较轻酒味；与负面笔记构成明确口味分歧
xhs-hongwuji-mixed-20260604,community,小红书：洪武记菜品分项实吃,https://www.xiaohongshu.com/explore/6a21464c000000002101b3b8,2026-06-04,2026-08-02,2026-08-14,D6洪武记点菜,medium,账号evergreen；老醋焖牛肉软烂获好评；碗托偏淡平遥牛肉偏咸黄米凉糕偏软等菜存在分歧
xhs-renzaibeifang-20260709,community,小红书：人在北方菜馆实吃,https://www.xiaohongshu.com/explore/6a4f225b0000000021009d69,2026-07-09,2026-08-02,2026-08-14,D6晚餐,medium,账号筱毓；茶香焖肉软烂香；碗托有嚼劲但酱汁酸辣；用于推荐焖肉配蔬菜并把酱汁分开
xhs-tianyuan-negative-20260418,community,小红书：天元奎菜品负面实吃,https://www.xiaohongshu.com/explore/69e2de970000000023015cb2,2026-04-18,2026-08-02,2026-08-14,D5天元奎点菜,medium,账号Kate；认为长龙茄子偏咸酸油且牛肉栲栳栳面香不足；与平台热度和另一篇正面笔记交叉后用于避开首轮点单
xhs-wangjia-food-20260227,community,小红书：王家味道王家大院店实吃,https://www.xiaohongshu.com/explore/699eead5000000002603ec3f,2026-02-27,2026-08-02,2026-08-20,D7王家味道点菜,medium,账号Courbis；确认景区店并记录豆腐软黄米饭野菜等；状元糕为油炸黄米点心建议4人只分享一份
xhs-jixian-chengyuan-family-20260718,community,小红书：吉县诚源饭店亲子用餐,https://www.xiaohongshu.com/explore/6a5b809000000000110131ca,2026-07-18,2026-08-02,2026-08-20,D7至D8吉县正餐,medium,账号angela&j；带儿童家庭认可蒜香鲤鱼和性价比；店在小巷停车不便建议打车；笔记标题和定位用字不一致需T-1确认
xhs-jixian-chengyuan-20260719,community,小红书：吉县诚源饭店回头客推荐,https://www.xiaohongshu.com/explore/6a5c6f17000000000100d013,2026-07-19,2026-08-02,2026-08-20,D7至D8吉县正餐,medium,账号yiyi；记录夫妻小店并推荐蒜香鲤鱼和白丸子；营业与店名定位仍需T-1核对
xhs-hukou-fish-negative-20260526,community,小红书：壶口景区公路餐馆整鱼负面体验,https://www.xiaohongshu.com/explore/6a13ff9e00000000370341f5,2026-05-26,2026-08-02,2026-08-20,D8壶口用餐避坑,medium,账号携猫独闯G331；记录整鱼称重超预期且默认辣偏咸多刺；用于直达运城途中不点称重整鱼
xhs-yingxian-liangfen-negative-20260723,community,小红书：应县木塔前凉粉店面食负面体验,https://www.xiaohongshu.com/explore/6a61f2b20000000001031412,2026-07-23,2026-08-02,2026-08-16,D3应县午餐避坑,medium,账号兔小昕；记录凉粉专门店刀削面份量小并有排队争议；用于不在凉粉店点正餐面条
xhs-yingxian-ernv-20260710,community,小红书：应县二女凉粉实吃,https://www.xiaohongshu.com/explore/6a509e6c0000000021018b4a,2026-07-10,2026-08-02,2026-08-16,D3应县午餐,medium,账号issxi；认可滴溜和凉粉但认为面皮与肉夹馍普通；午餐有队但周转快且评论中存在油腻分歧
food-jixian-jizhou-review,community,吉州宾馆住客中餐厅评价,https://sg.trip.com/hotels/ji-county-hotel-detail-480783/jizhou-hotel/,,2026-08-02,2026-08-20,D7至D8吉县用餐,low,住客评价提到中餐厅价格友好和炸苹果；是否接待非住客及营业时间T-1电话确认
rental-shenzhou-datong,commercial,神州租车大同网点页,https://datong.zuche.com/,,2026-08-02,2026-08-14,D1大同机场取车,high,页面列出大同云冈机场自助点并标注24小时；指定日期5座车型库存和异地还车资格仍须订单页确认
rental-shenzhou-yuncheng,commercial,神州租车运城网点页,https://yuncheng.zuche.com/,,2026-08-02,2026-08-14,D8运城机场还车与D9步行进场,high,页面列出运城盐湖机场服务点并标注24小时；D8具体还车入口和酒店接驳方式须T-1向门店确认
rental-shenzhou-rules,commercial,神州租车官网租车说明与费用项目,https://www.zuche.com/,,2026-08-02,2026-08-14,全程租车预订与验车,high,官网说明取车需有效身份证和中国驾驶证；费用可能包含车辆租赁及服务费基础服务费车辆整备费和异地还车等可选项目；完整价格以订单页为准
rental-industry-standard,official,汽车租赁服务规范团体标准,https://www.crta.org.cn/webfile/upload/2024/08-12/09-04-110310855242284.pdf,2024-08-12,2026-08-02,2026-08-14,租车合同核对,medium,中国道路运输协会团体标准要求合同明示租金异地还车超时超里程和增值服务等费用并核验有效驾驶证；属于团体标准不等同法律法规
xuankong-selfdrive-parking,official,北岳恒山景区自驾停车与景交换乘说明,https://www.byhs.net.cn/Travel_Guide/12.html,,2026-08-02,2026-08-16,D3悬空寺自驾,high,景区说明悬空寺原停车场不足300位；自驾车停恒山游客中心免费停车场后统一乘20元每人景交进入
pingyao-south-parking,commercial,高德地图平遥古城小南门停车场,https://ditu.amap.com/place/B0FFIDO7BC,,2026-08-02,2026-08-20,D5至D6平遥停车备选,medium,只作城外公共停车位置参考；主方案仍将车辆留酒店免费停车并打车入古城
wutai-unesco,official,UNESCO世界遗产五台山,https://whc.unesco.org/en/list/1279,2009-06-26,2026-08-02,2027-08-02,D4至D5五台山背景,high,五台山作为佛教圣地及寺院建筑与山地景观共同构成文化景观；本行程看核心寺院群而非五台连穿
wutai-ticket-official,official,五台山游客服务中心票务问答,https://www.wtsykfwzx.com/lyxx_show.aspx?id=3125,,2026-08-02,2026-08-17,D4五台山门票,high,成人进山门票135元；部分寺庙另收约10元小门票；儿童优待和实时预约窗口以官方小程序为准
wutai-vehicle-20260723,official,五台山景区车辆预约与免费公交新规,https://news.cyol.com/gb/lvyou/articles/2026-07/23/content_qb7KgwtZbZ.html,2026-07-23,2026-08-02,2026-08-17,D4至D5五台山自驾,high,官方小程序完成人车预约及人脸核验；无预约车辆停指定停车场并可乘免费公交；支持动态候补
wutai-vehicle-service-center-current,official,五台山游客服务中心车辆预约答复,https://www.wtsykfwzx.com/lyxx_show.aspx?id=5209,2024-05-02,2026-08-13,2026-08-18,D4至D5五台山自驾,high,8月13日重新打开游客服务中心答复；车辆预约未成功可换乘免费大巴进入，临时规则与指定停车点仍以官方公众号当天提示为准
yanmen-current,commercial,携程雁门关景区实时开放与近期游客评价,https://you.ctrip.com/sight/daicounty1446104/75275.html,,2026-08-02,2026-08-16,D3雁门关,medium,页面显示08:00至17:30和电话0350-6100519；近期游客认为北门坡度较缓且核心约2小时；历史感强但复建和商业化预期需降低
yanmen-reservation-2026,commercial,雁门关2026假日预约提示,https://www.sohu.com/a/1016899544_121123771,2026-04-29,2026-08-02,2026-08-16,D3雁门关预约,medium,转述景区假日最大承载和二维码预约；8月普通日规则须T-1以官方渠道复核
hotel-daixian-quanzhi,commercial,全智酒店代州古城店指定日期库存与近期评价,https://hotels.ctrip.com/hotels/127374372.html?checkIn=2026-08-17&checkOut=2026-08-18&adult=2&children=1&ages=8&crn=1,,2026-08-05,,D3代县住宿历史备选,medium,8月5日历史快照；评分4.7共635条，同人数房价区域为空故未作主选；不作为当前库存或价格依据
hotel-daixian-kapiton,commercial,开普顿连锁酒店代县精选店指定日期实价,https://hotels.ctrip.com/hotels/5889879.html?checkIn=2026-08-17&checkOut=2026-08-18&adult=2&children=1&ages=8&crn=1,,2026-08-05,,D3代县住宿历史主选快照,high,8月5日历史快照；双床202元与三人间274元不再视为当前报价，下单前仍须看实时库存与退改
hotel-wutai-miaoyinju,commercial,妙隐居民宿五台山指定日期实价,https://hotels.ctrip.com/hotels/75399184.html?checkIn=2026-08-18&checkOut=2026-08-19&adult=2&children=1&ages=8&crn=1,,2026-08-05,,D4五台山住宿历史主选快照,high,8月5日历史快照；328元不再视为当前报价，仍以450元可取消阈值和实时结算页为准
hotel-wutai-meilihao,commercial,美丽豪酒店五台山南门指定日期实价,https://hotels.ctrip.com/hotels/122205535.html?checkIn=2026-08-18&checkOut=2026-08-19&adult=2&children=1&ages=8&crn=1,,2026-08-05,,D4五台山住宿历史备选快照,high,8月5日历史快照；294元和324元不再视为当前报价，下单前复核库存和退改
wutai-food-list,commercial,携程五台山美食列表与台怀镇餐厅榜,https://gs.ctrip.com/html5/you/foods/184.html,,2026-08-05,2026-08-17,D4至D5五台山用餐,low,可确认一盏明灯全素斋和璞舍餐厅等门店线索；评价量很小且缺少可读最新评论正文，所以只作T-1核实候选不支持高置信推荐
flight-mu6949-0815,commercial,MU6949广州至宁波公开航班时刻,https://www.flightstats.com/v2/flight-tracker/MU/6949,,2026-08-05,2026-08-14,D1广州至宁波,medium,公开时刻08:45至10:50；用户已确认航班号并出票；具体日期票面时间航站楼和航变通知优先
flight-mu6111-0815,commercial,东航浙江暑运宁波至大同航线时刻,https://news.sina.com.cn/zx/gj/2026-06-25/doc-inierihr7755288.shtml,2026-06-25,2026-08-05,2026-08-14,D1宁波至大同,high,东航浙江暑运信息显示7月1日至8月31日每日执飞；宁波19:50起飞大同22:15到达；用户已确认MU6111出票且票面优先
flight-cz5266-0823,commercial,CZ5266运城至广州公开航班时刻,https://flights.ctrip.com/international/Schedule/YCU-CAN.html,,2026-08-05,2026-08-22,D9运城至广州,medium,公开时刻07:20至10:00；用户已确认航班号并出票；票面时间航站楼和航司通知优先
hotel-yuncheng-weiyuan-20260805,commercial,微源国际酒店运城盐湖国际机场店指定日期核验,https://hotels.ctrip.com/hotels/114968689.html?checkIn=2026-08-22&checkOut=2026-08-23&adult=2&children=1&ages=8&crn=1,,2026-08-05,2026-08-21,D8运城机场住宿,medium,页面显示距机场约280米评分4.7共572条并有24小时前台免费停车接送机亲子房三人间；近期评论认可步行3至5分钟和房间大也有隔音一般反馈；指定日期房型价格区未加载故只设450元上限
hotel-yuncheng-weiyuan-booked-20260809,user,用户确认微源国际酒店大床房已预订,https://hotels.ctrip.com/hotels/114968689.html?checkIn=2026-08-22&checkOut=2026-08-23&adult=2&children=1&ages=8&crn=1,2026-08-09,2026-08-11,,D8运城机场住宿,high,用户确认8月22日至23日大床房1间总价178元含早餐；不记录订单号确认码或支付信息
user-hotel-wutai-zhijianshanxing-booked-20260811,user,用户确认知见山行民宿五台山风景区店已预订,https://www.ctrip.com/,2026-08-11,2026-08-11,,D4至D5五台山住宿,high,用户确认8月18日至19日大床房1间1晚总价410元无早餐；不记录订单号确认码或支付信息；平台入口只作用户提供订单的非敏感定位，不替代订单凭证
yungang-summer-hours-20260809,commercial,云冈石窟2026暑期开放时间信息,https://www.sohu.com/a/1044920953_121124403,,2026-08-09,2026-08-16,D2云冈早场,medium,转引云冈研究院暑期公告称2026年7月11日至8月31日7:30至18:00开放且18:00停止检票；T-1再以云冈官方渠道复查
xhs-yungang-early-queue-20260808,community,小红书：8月8日早上7:20云冈石窟门口排队情况,https://www.xiaohongshu.com/explore/6a767cad0000000025003b91,2026-08-08,2026-08-09,2026-08-16,D2云冈早场,medium,账号镜玥澜；搜索结果可见标题日期与作者，正文未展开；用于证明早场入口也可能排队而非无人的经验线索
xhs-yungang-afternoon-crowd-20260730,community,小红书：云冈石窟下午巨多人,https://www.xiaohongshu.com/explore/6a6b0d6a000000002402fc04,2026-07-30,2026-08-09,2026-08-16,D2云冈晚场比较,medium,账号无情的粉色恶魔；搜索结果可见标题日期与作者，正文未展开；用于否定把下午当作当然避队时段
xhs-yungang-late-crowd-20260726,community,小红书：5点过的云冈石窟被骗人多,https://www.xiaohongshu.com/explore/6a65d87a0000000005038a36,2026-07-26,2026-08-09,2026-08-16,D2云冈晚场比较,medium,账号小田下班了(备婚版)；搜索结果可见标题日期作者与点赞80，正文未展开；用于否定闭园前一小时必然人少的经验假设
ceair-domestic-through,official,东航国内通程航班服务说明,https://global.ceair.com/global/static/Announcement/ScheduledGuidelines/OtherDetails/DomesticThroughFlightNotice/,,2026-08-08,2026-08-15,D1宁波中转行李与值机,high,通程航班可一次值机行李直挂；具体订单是否适用必须以广州柜台和票面为准，不能仅凭同航司航班号判断
ceair-airport-arrival,official,东航乘机指引,https://ecactivity.ceair.com/UI/BASIS135/app/index.html,,2026-08-08,2026-08-15,D1宁波返场缓冲,high,东航建议国内航班至少提前1个半小时到达机场；本计划15:45返场，为19:50起飞保留更长缓冲
ningbo-nantang-official,official,海曙区政府南塘老街介绍,https://www.haishu.gov.cn/art/2018/4/11/art_1229829901_59036196.html,2018-04-11,2026-08-08,,D1宁波半日游,high,南塘河遗留历史街区属于宁波八个历史街区之一，位于古城南门外；用于历史背景，开放和商户以当日现场为准
ningbo-nantang-transfer,commercial,宁波机场至南塘老街动态道路估算,https://uri.amap.com/search?keyword=宁波南塘老街A区&city=宁波,,2026-08-08,2026-08-14,D1宁波机场往返,medium,网约车单程按35至40分钟和50至80元规划；8月午后雷雨或拥堵时提前回场，T-1用实时导航刷新
ningbo-metro-line2-airport,commercial,携程机场交通：宁波地铁2号线机场站及站点列表,https://flights.ctrip.com/booking/airport-ngb/jichangjiaotong.html,,2026-08-08,2026-08-14,D1宁波机场至云霞路,medium,页面列出栎社国际机场站和云霞路站均属2号线；仅用于直达关系，具体时刻票价和临时运营以宁波轨道交通当日通知为准
ningbo-nantang-nearest-metro,commercial,Moovit：南塘老街最近地铁站,https://moovitapp.com/index/zh-cn/%E5%85%AC%E5%85%B1%E4%BA%A4%E9%80%9A-%E5%8D%97%E5%A1%98%E8%80%81%E8%A1%97-Ningbo-site_58726469-5387,,2026-08-08,2026-08-14,D1云霞路至南塘老街,medium,页面将云霞路列为南塘老街最近地铁站；站外步行距离和天气影响以当天导航为准
ningbo-citywalk-order,commercial,携程宁波一日游：鼓楼月湖南塘老街顺向线路,https://you.ctrip.com/travels/ningbo83/4152075.html,2024-06-15,2026-08-08,2026-08-14,D1鼓楼月湖南塘步行线,medium,成熟步行线将月湖和南塘老街连续安排；本计划压缩为鼓楼短停月湖北东侧和南塘午餐，不套用原文全部景点
xhs-nantang-transfer-20260215,community,小红书宁波机场3小时极限转机南塘老街逛吃,https://www.xiaohongshu.com/explore/6991caa6000000000a02f86f,2026-02-15,2026-08-08,2026-08-14,D1宁波半日游,medium,账号子牙；搜索结果显示以南塘老街为3小时紧凑转机逛吃目的地，点赞101；作为动线线索而非交通规则
xhs-nantang-transfer-20260308,community,小红书宁波转机2小时极限逛吃南塘老街,https://www.xiaohongshu.com/explore/69ad87930000000022031782,2026-03-08,2026-08-08,2026-08-14,D1宁波半日游,medium,账号抹茶的逐梦潜旅家；搜索结果显示2小时极限逛吃选择南塘老街，点赞14；用于支持单片区不跨城的取舍
xhs-ningbo-transfer-20250409,community,小红书宁波中转4小时打卡,https://www.xiaohongshu.com/explore/67f65401000000000903bc0a,2025-04-09,2026-08-08,2026-08-14,D1宁波半日游,medium,账号小虞子YUER；4小时中转打卡实录点赞688；与近期转机笔记共同支持给机场保留长缓冲
xhs-ningbo-halfday-20260408,community,小红书宁波半日游鼓楼南塘步行体验,https://www.xiaohongshu.com/explore/69d5bacb0000000023005fb7,2026-04-08,2026-08-11,2026-08-24,D1宁波半日游,medium,账号小周总是吃不饱；用于高温暴晒和不追加景点提醒；单篇体验不代表固定人流
xhs-ningbo-dining-20260526,community,小红书宁波南塘老街贴阁碧实吃,https://www.xiaohongshu.com/explore/6a1166b40000000007023525,2026-05-26,2026-08-11,2026-08-24,D1南塘午餐,medium,账号陈皮豆；熟制宁波菜可作候选；笔记中的生腌红膏蟹不纳入盛夏亲子转机菜单
xhs-yungang-fivehours-20260810,community,小红书云冈石窟8月7日午后实游与排队,https://www.xiaohongshu.com/explore/6a79883500000000330139e3,2026-08-10,2026-08-11,2026-08-24,D2云冈石窟,medium,账号PseudoMan；13点后入园及第6窟后段排队是单日经验；用于动态跳看和坐休而非低峰保证
xhs-huayan-map-20260802,community,小红书大同华严寺平面游览图及必看景点,https://www.xiaohongshu.com/explore/6a6edd9e00000000270217f5,2026-08-02,2026-08-11,2026-08-24,D2华严寺,medium,账号青山见我；与近期检索中的宝塔楼梯陡和下午开放经验共同支持只保核心两殿
xhs-datong-dining-20260706,community,小红书凯鸽与龙聚祥完整实吃,https://www.xiaohongshu.com/explore/6a4a768a000000000603574c,2026-07-06,2026-08-11,2026-08-24,D2迟午餐,medium,账号R nine；龙聚祥现包烧麦约等30分钟且凯鸽完整菜单偏晚；用于重排40分钟迟午餐
xhs-wutai-core-loop-20260810,community,小红书五台山核心寺院亲子近期建议,https://www.xiaohongshu.com/explore/6a792f930000000025016c47,2026-08-10,2026-08-11,2026-08-24,D4五台山,medium,账号momo；殊像寺塔院寺显通寺约2.5小时及评论中一天可完成仅为近期个体经验；维护和关闭T-1核对
xhs-jinci-shitouhan-20260728,community,小红书晋祠后石头汉实吃与距离,https://www.xiaohongshu.com/explore/6a682b95000000000f02964a,2026-07-28,2026-08-11,2026-08-24,D6晋祠午餐,medium,账号喜欢吃桃子鸭；笔记称距晋祠约4公里10分钟并认可羊汤烤串；炒羊血偏酸辣不纳入菜单
xhs-hukou-family-20260809,community,小红书壶口瀑布山西侧亲子自驾打卡,https://www.xiaohongshu.com/explore/6a7757710000000005028212,2026-08-09,2026-08-11,2026-08-24,D8壶口至运城,medium,账号玥瑶；早场体验和旅游公路施工为单次经历；用于优先高速和T-1实时导航而非固定道路结论
user-hotel-hukou-suanzaoshu-selected-20260811,user,用户指定酸枣树酒店并确认1晚170元,https://mm.ctrip.com/html5/hotel/hoteldetail/112763299.html,,2026-08-11,,D7-D8陕西壶口住宿,high,用户指定8月21日至22日大床房入住，170元无早餐；不记录订单号或支付凭证
hotel-hukou-suanzaoshu-current-20260811,commercial,携程酸枣树酒店壶口瀑布店实时酒店页,https://mm.ctrip.com/html5/hotel/hoteldetail/112763299.html,,2026-08-11,2026-08-21,D7-D8陕西壶口住宿,high,页面地址为宜川壶口镇政府广场东南侧50米；近期公开住客信息称步行约200米到游客中心；营业停车儿童政策T-1复核
hukou-cross-province-ticket-202606,official,中国旅游报壶口瀑布晋陕门票互通政策,https://www.ctnews.com.cn/dongtai/m/content/2026-06/03/content_188058.html,2026-06-03,2026-08-13,2026-08-23,D8壶口双侧,high,8月13日重新打开政策页；80元实名票两日内两侧各入园一次，两侧观光车不互通且分别往返16元；开放和水情仍须T-1分别复核
user-yungang-ticket-guide-booked-20260811,user,用户确认云冈石窟门票与讲解已预订,https://www.dt.gov.cn/dtszf/bmdt/202604/87ae16347ecf462488743c37ee9c06f0.shtml,,2026-08-11,,D2云冈预约,high,用户确认门票300元与讲解105元已预订；不记录订单号取票码或讲解员联系方式
xhs-ningbo-gulou-snacks-20260731,community,小红书宁波鼓楼油赞子辣哭饼与糯点实吃,https://www.xiaohongshu.com/explore/6a6c555600000000250066ea,2026-07-31,2026-08-12,2026-08-15,D1宁波鼓楼试吃,medium,账号知味；正文覆盖红糖肉松和海苔甜油赞子、豆角馅不同辣度辣哭饼、灰汁团米馒头麻糍；个体口味不代表固定辣度和出品
xhs-ningbo-tanggao-20260302,community,小红书宁波鼓楼糖糕实吃与评论,https://www.xiaohongshu.com/explore/69a5545c000000001b01565f,2026-03-02,2026-08-12,2026-08-15,D1宁波鼓楼甜点,medium,账号乐悠L；作者与评论认可香脆和中间口感并认为一个已够多吃易腻；用于3人共享1个
xhs-ningbo-aizibing-20260628,community,小红书宁波矮子馅饼近期实吃与评论,https://www.xiaohongshu.com/explore/6a40a91c0000000006030c6f,2026-06-28,2026-08-12,2026-08-15,D1宁波鼓楼甜点,medium,账号JooLeeA；评论对苔菜椒盐板栗等经典口味交集较多，蔓越莓榴莲红糖有分歧且现烤更受认可
xhs-ningbo-maitian-20260703,community,小红书麦田工坊实吃与公开评论,https://www.xiaohongshu.com/explore/6a47ccee000000001101068c,2026-07-03,2026-08-12,2026-08-15,D1月湖坐休与简餐,medium,账号的的勺白勺；推荐火腿芝士羊角、热肉桂卷和肉酱宽意面并提醒避开节假日排队；单篇体验不保证库存
amap-ningbo-maitian-yuehu,commercial,高德地图麦田工坊月湖店,https://www.amap.com/place/B0FFGDBQYP,,2026-08-12,2026-08-15,D1月湖顺路门店,medium,公开门店页显示海曙区镇明路548号1至2新荟广场；营业和出餐T-1或现场确认
xhs-ningbo-cangqiao-mixed-20260425,community,小红书仓桥面结近期争议笔记与341条公开评论,https://www.xiaohongshu.com/explore/69ec46cd000000003501dc0b,2026-04-25,2026-08-12,2026-08-15,D1月湖南端午餐,medium,账号约翰；评论对面结嫩鲜有正面交集，对环境排队和面条口感分歧明显；用于只点面结汤并设置10分钟止损
dianping-ningbo-cangqiao-dishes,community,大众点评仓桥面结店菜品与近期图片聚合,https://www.dianping.com/shop/2371207/photos,,2026-08-12,2026-08-15,D1月湖南端午餐,low,公开页可见油豆腐面结汤、葱油拌面、面结鸭血等聚合菜品与近期图片时间；未读取受限全部评价正文
xhs-ningbo-seafood-noodle-20260716,community,小红书宁波海鲜面馆推荐与公开评论,https://www.xiaohongshu.com/explore/68d0c6690000000007028073,2026-07-16,2026-08-12,2026-08-15,D1宁波海鲜面候选,medium,账号一块西瓜皮；公开评论对不同店汤底与口味有明显冲突且图片型正文未稳定列出全部店名；用于不指定远端必吃店
shanxi-jinexing-live-charging-202601,official,晋e行高速实时路况与充电查询说明,https://jtysj.yq.gov.cn/ztzl/jswm/202601/t20260122_2162569.html,2026-01-22,2026-08-12,2026-08-23,D3-D8山西高速休息与补能,high,平台覆盖山西高速实时事件服务区状态及充电枪空闲和电价；具体顺向站点与空闲状态在每日出发前复核
shanxi-service-area-charging-coverage,official,山西高速运营服务区充电设施覆盖说明,https://www.jcgov.gov.cn/dtxx/sxyw/202307/t20230723_1826622.shtml,2023-07-23,2026-08-12,2026-08-23,D3-D8山西高速补能候选,medium,官方信息说明运营服务区充电设施覆盖；不代表某一枪位实时可用，仍以晋e行和运营商App为准
shaanxi-12122-live-charging-2026,official,陕西交通12122高速服务区充电桩随手查,https://jtyst.shaanxi.gov.cn/sfzx/sy/tzgg/202601/t20260130_3609409.html,2026-01-30,2026-08-12,2026-08-23,D7-D8陕西高速补能候选,high,陕西交通12122提供服务区充电设施数量与空闲状态查询；跨省段出发前用其与车辆导航交叉确认
ceair-guangzhou-t3-checkin-20251103,official,东航广州国内航班转场白云机场T3及截载时间,https://global.ceair.com/global/static/Announcement/AnnouncementMessage/chinaeasternnewstest/202511/t20251103_29188.html,2025-11-03,2026-08-12,2026-08-15,D1广州白云机场出发,high,东航广州国内航班在T3运行且起飞前40分钟截载；本计划仍按08:15前到登机口执行并以票面航显为准
ceair-online-checkin-current,official,东航网上值机适用范围和截止规则,https://global.ceair.com/global/static/Announcement/ScheduledGuidelines/boardingCheckin/checkinregulations/onlineCheckinRegulations/,,2026-08-12,2026-08-23,D1东航值机速查,high,国内航班网上值机通常可在起飞前48小时内办理并在起飞前45分钟截止；成人陪伴儿童适用；特殊航班机场和客票限制以APP显示为准
ceair-airport-closing-times-current,official,东航机场柜台和登机口关闭时间表,https://global.ceair.com/global/en_static/Announcement/TravelTips/CheckinCountersandBoardingGateClosingTime/,,2026-08-12,2026-08-23,D1及D9机场硬截止速查,high,表中广州国内值机截止起飞前40分钟、宁波托运行李截止前30分钟、运城国内值机截止前30分钟且登机口前20分钟关闭；用于硬截止提醒不替代建议到场时间
csair-online-checkin-current,official,南航国内航班网上值机开放说明,https://www.csair.com/sg/zh/tourguide/faq/online-check-in.shtml,,2026-08-12,2026-08-23,D9南航值机速查,medium,多数国内航班网上值机通常从预计起飞前一日14点开放至前1小时；城市与客票差异以南航APP实际显示为准
xhs-datong-slow-discovery-20260804,community,小红书大同5天4晚慢游与新景点发现,https://www.xiaohongshu.com/search_result/6a6ac7a5000000000401fec4,2026-08-04,2026-08-13,2026-08-16,D2至D3目的地发现,medium,账号崂山猫十月；笔记把善化寺九龙壁永安寺净土寺纳入慢游并列出浑源凉粉馅饼与应县餐食；用于候选发现，票价开放仍以官方为准
xhs-yingxian-food-discovery-20260410,community,小红书应县木塔后蒸羊肉凉粉与评论回访,https://www.xiaohongshu.com/search_result/69d8f003000000001f005a97,2026-04-10,2026-08-13,2026-08-17,D3应县候选餐食,medium,账号小momo；正文和多条7至8月评论认可赵大蒸羊肉与凉粉且分量适中；羊膻味接受度存在个体差异，到店核实营业与不辣做法
xhs-wutai-slow-discovery-20260812,community,小红书五台山1天半慢游与动态提醒,https://www.xiaohongshu.com/search_result/6a7a8c0d0000000032033f05,2026-08-12,2026-08-13,2026-08-18,D4至D5目的地发现,medium,账号教英语的Miss T；支持殊像寺塔院寺显通寺慢线并提示薄外套免费公交五爷庙修缮和白塔围挡；动态信息须T-1按官方公告复核
xhs-yuncheng-destination-discovery-20260618,community,小红书运城古建目的地发现与评论,https://www.xiaohongshu.com/search_result/6a2ea4420000000007023471,2026-06-18,2026-08-13,2026-08-22,D8至D9目的地发现,low,账号卡卡的旅行日记；用于发现解州关帝庙永乐宫盐湖等未来晋南候选；评论明确跨稷山芮城万荣路线折腾，支持本次不临时加入
datong-shanhua-ticket-20260401,official,大同市2026旺季善化寺门票政策,https://www.dt.gov.cn/dt12345/rxdt1/202604/5584504be903468087935895c043fe61.shtml,2026-04-01,2026-08-13,2026-08-16,D2善化寺候选,high,大同政府说明2026旺季善化寺继续执行40元优惠票价；8岁儿童票与8月16日当天售检票以景区页面为准
datong-shanhua-hours-guide,official,大同官方生活旅游指南善化寺夏季开放时间,https://www.dt.gov.cn/dtszf/bumdtc/202502/876623c1c40a4b618d02f28318861845/files/aaed7dbcd3524e3bb4b9c716c0235308.pdf,,2026-08-13,2026-08-16,D2善化寺候选,high,官方指南列夏季08:00至18:00；节假日延时和最后入场仍以当日景区公告为准
daizhou-city-current-20260703,official,忻州日报2026年代州古城与边靖楼现状,https://szb.xzrbw.com/epaper/2026-07/03/content_9916374.html,2026-07-03,2026-08-13,2026-08-17,D3代州古城候选,high,官方近期报道确认代州古城边靖楼和衙署古建仍构成活态古城；具体室内开放与收费不作保证
weather-trip-snapshot-20260814,commercial,AccuWeather 8月14日多地逐日与小时预报,https://www.accuweather.com/,,2026-08-14,2026-08-23,D1至D9天气速查,medium,8月14日查询宁波大同浑源代县五台山太原平遥宜川运城广州逐日趋势并补查D1小时预报；D4至D8雷雨信号较明显，越远日期不确定性越高
weather-cma-refresh-20260814,official,中国气象局国家气象中心天气查询与预警入口,https://weather.cma.cn/,,2026-08-14,2026-08-23,D1至D9天气复查,high,每天20:00用于复核次日小时预报和气象预警；恶劣天气时同时查看航司道路水情与景区公告，官方预警高于既定行程
booking-yungang-official-20260813,official,大同市政府云冈石窟预约购票方式,https://www.dt.gov.cn/dtszf/zstpwhhdhd/202512/a253744527454c3fa5251853732e5d3d.shtml,2025-12-10,2026-08-13,2026-08-16,D2云冈预约入口,high,官方说明微信小程序云冈研究院或云冈石窟文旅可办理实名预约；本行程已订仅用于入口速查
booking-xuankong-official-20260813,official,北岳恒山景区官方预订中心,https://www.byhs.net.cn/reserve.html,,2026-08-13,2026-08-17,D3悬空寺预约入口,high,官网提供购票小程序和景区公众号二维码；公众号名称恒山景区或北岳恒山景区；2026线上登临需人脸核验
booking-wutai-official-20260813,official,五台山游客服务中心官网,https://www.wtsykfwzx.com/,,2026-08-13,2026-08-18,D4门票和车辆预约入口,high,微信小程序五台山游客服务中心分别办理门票车辆和导游预约；人车绑定且无车约可换免费公交
booking-jinci-official-20260813,official,晋祠博物馆官网,https://www.jinci.com/,,2026-08-13,2026-08-20,D6晋祠预约入口,medium,官网用于公告和票务核验；微信搜索官方公众号中国晋祠并从智慧晋祠进入线上购票；最终以公众号当天菜单为准
booking-pingyao-official-20260813,official,平遥古城景区官网购票入口,https://pingyao888.cn/,,2026-08-13,2026-08-20,D6至D7平遥双林寺预约入口,medium,官网首页含景点购票；微信搜索平遥古城景区官方服务平台并上传游客信息购票；施工范围与有效期以票页为准
booking-hukou-shaanxi-official-20260813,official,陕西黄河壶口瀑布官方购票页,https://www.hhhkpb.com/tickets.html,,2026-08-13,2026-08-22,D8壶口预约入口,high,运营主体为陕西黄河壶口文化旅游发展有限责任公司；微信官方号黄河壶口瀑布旅游区陕西侧可进入预约购票
xhs-daixian-food-city-20260330,community,小红书代县古城美食与184条公开评论,https://www.xiaohongshu.com/explore/69ca61bd0000000021004c63,2026-03-30,2026-08-14,2026-08-24,D3代州古城顺路小吃,medium,正文与公开评论覆盖火烧豆面饼代州糖沾杏干酥梨等；部分摊位不固定且个别卫生评价分化，仅作为沿线见到即买的小份线索
xhs-wutai-food-test-20260809,community,小红书五台山近期餐食测评,https://www.xiaohongshu.com/explore/6a773ee80000000022030ba1,2026-08-09,2026-08-14,2026-08-24,D4至D5五台山地方味,medium,完整实吃记录一元利台蘑拌刀削面与张记羊肉栲栳栳正面体验，同时保留台蘑面泥土味和菜单价格不清的负面样本
yuncheng-specialty-food-20220212,official,运城市寻味河东特色美食评选,https://www.yuncheng.gov.cn/doc/2022/02/12/200699.shtml,2022-02-12,2026-08-14,2026-08-23,D8运城晚餐与地方小吃,high,官方名单确认羊肉胡卜关公羊肉泡闻喜葱花饼河东软麻花等地方代表；不代表机场附近一定有售
yuncheng-traditional-food-industry-20231011,official,运城市传统食品产业规划,https://www.yuncheng.gov.cn/doc/2023/10/11/381561.shtml,2023-10-11,2026-08-14,2026-08-23,D8至D9运城手信,high,官方规划明确列出闻喜煮饼和稷山麻花；行程只在酒店或机场现有正规商店顺手购买
ningbo-city-history-official,official,宁波建城史与鼓楼子城南门,https://jyta.ningbo.gov.cn/uploadFile/htmlFile/A51D8C44-D2F8-6470-A098-4345AF5EABD4.html,,2026-08-14,2026-08-15,D1鼓楼与老城背景,high,宁波官方材料说明821年明州州治迁到三江口并建子城，唐子城南门即今鼓楼；用于简述建城脉络
datong-specialties-official-202501,official,大同特色农产品与手信,https://www.dt.gov.cn/dtszf/bumdtp/202501/fad6678ef2e543479fd08b9d6862a0d4.shtml,2025-01-09,2026-08-14,2026-08-23,D2至D3大同手信,high,官方信息确认大同黄花黄芪和广灵小米等代表物产；正文只建议正规小包装并拒绝疗效宣传
datong-nonheritage-gifts-official,official,大同非遗与特色产品,https://www.dt.gov.cn/dtszf/bmdt/202402/1fdb99ea36e044c390cba357bd7084b8.shtml,2024-02-23,2026-08-14,2026-08-23,D2大同纪念品,high,官方信息涵盖广灵剪纸大同铜器阳高杏脯浑源凉粉等；本次只选便携小件不为购物绕路
shanxi-pingyao-gifts-official,official,山西文旅特色手信与平遥推光漆器,https://wjw.shanxi.gov.cn/xwzx/szyw/202604/t20260414_10103028.shtml,2026-04-14,2026-08-14,2026-08-23,D6至D7平遥手信,high,山西官方内容确认平遥推光漆器和老陈醋等地域产品；正文提醒手工漆器需核实工艺与工坊
shanxi-traditional-foods-official,official,山西传统食品与地方物产,https://wjw.shanxi.gov.cn/xwzx/szyw/202512/t20251229_10022764.shtml,2025-12-29,2026-08-14,2026-08-23,D3及D6至D7手信,high,官方内容提及代州黄酒和平遥牛肉；行程只购买正规密封包装且驾驶日不饮酒
shaanxi-yichuan-apple-official,official,陕西宜川苹果产业介绍,https://www.shaanxi.gov.cn/xw/ztzl/zxzt/tpgjsqzxd/spbb/tp/201810/t20181023_1485543_wap.html,2018-10-23,2026-08-14,2026-08-23,D7至D8宜川手信,high,陕西省政府资料确认苹果为宜川代表产业；8月鲜果成熟度不作保证，优先正规小包装制品或清楚标注产地的早熟果
